Workbook
Name FIRSTCELL: #REF!
Name FIRSTCOLUMN: #REF!
Name SECONDCELL: #REF!
Name SECONDCOLUMN: #REF!

Sheet Sales
H1: SALES
A2: Period Starting: | B2: Jan | C2: Feb | D2: Mar | E2: Apr | F2: May | G2: Jun | H2: Jul | I2: Aug | J2: Sep | K2: Oct | L2: Nov | M2: Dec | N2: Total
A3: Product 1 | B3: 5600 | C3: 6350 | D3: 5100 | E3: 6850 | F3: 8600 | G3: 8850 | H3: 12100 | I3: 13850 | J3: 16600 | K3: 19100 | L3: 21600 | M3: 24100 | N3: =SUM(B3:M3) -> 148700
A4: Budget | B4: 4790 | C4: 5678 | D4: 4754 | E4: 6501 | F4: 7744 | G4: 8645 | H4: 10976 | I4: 11232 | J4: 14323 | K4: 15434 | L4: 16543 | M4: 17896 | N4: =SUM(B4:M4) -> 124516
A6: Over / (Under Budget) | B6: =B3-B4 -> 810 | C6: =C3-C4 -> 672 | D6: =D3-D4 -> 346 | E6: =E3-E4 -> 349 | F6: =F3-F4 -> 856 | G6: =G3-G4 -> 205 | H6: =H3-H4 -> 1124 | I6: =I3-I4 -> 2618 | ... N6: =N3-N4 -> 24184
A8: Product 2 | B8: 5600 | C8: 6350 | D8: 16400 | E8: 16830 | F8: 19260 | G8: 17690 | H8: 15600 | I8: 17350 | J8: 10600 | K8: 11350 | L8: 10100 | M8: 13850 | N8: =SUM(B8:M8) -> 160980
A9: Budget | B9: 4595 | C9: 5678 | D9: 9754 | E9: 9168 | F9: 18747.5 | G9: 14327 | H9: 14906.5 | I9: 15486 | J9: 9065.5 | K9: 10645 | L9: 8224.5 | M9: 12804 | N9: =SUM(B9:M9) -> 133401
A11: Over / (Under Budget) | B11: =B8-B9 -> 1005 | C11: =C8-C9 -> 672 | D11: =D8-D9 -> 6646 | E11: =E8-E9 -> 7662 | F11: =F8-F9 -> 512.5 | G11: =G8-G9 -> 3363 | H11: =H8-H9 -> 693.5 | I11: =I8-I9 -> 1864 | ... N11: =N8-N9 -> 27579
A13: Product 3 | B13: 14600 | C13: 25350 | D13: 25100 | E13: 26850 | F13: 32100 | G13: 35750 | H13: 39400 | I13: 43050 | J13: 46700 | K13: 50350 | L13: 54000 | M13: 57650 | N13: =SUM(B13:M13) -> 450900
A14: Budget | B14: 5895 | C14: 3678 | D14: 5754 | E14: 7501 | F14: 9430 | G14: 11319 | H14: 13209 | I14: 15098 | J14: 16988 | K14: 18877 | L14: 20766 | M14: 22656 | N14: =SUM(B14:M14) -> 151171
A16: Over / (Under Budget) | B16: =B13-B14 -> 8705 | C16: =C13-C14 -> 21672 | D16: =D13-D14 -> 19346 | E16: =E13-E14 -> 19349 | F16: =F13-F14 -> 22670 | G16: =G13-G14 -> 24431 | H16: =H13-H14 -> 26191 | I16: =I13-I14 -> 27952 | ... N16: =N13-N14 -> 299729
A18: Product 4 | B18: 16850 | C18: 17690 | D18: 18830 | E18: 19260 | F18: 20690 | G18: 21439 | H18: 22364 | I18: 23289 | J18: 24214 | K18: 25139 | L18: 26064 | M18: 26989 | N18: =SUM(B18:M18) -> 262818
A19: Budget | B19: 8895 | C19: 14678 | D19: 7754 | E19: 6501 | F19: 9430 | G19: 11319 | H19: 13209 | I19: 15098 | J19: 16988 | K19: 18877 | L19: 20766 | M19: 22656 | N19: =SUM(B19:M19) -> 166171
A21: Over / (Under Budget) | B21: =B18-B19 -> 7955 | C21: =C18-C19 -> 3012 | D21: =D18-D19 -> 11076 | E21: =E18-E19 -> 12759 | F21: =F18-F19 -> 11260 | G21: =G18-G19 -> 10120 | H21: =H18-H19 -> 9155 | I21: =I18-I19 -> 8191 | ... N21: =N18-N19 -> 96647
A23: Product 5 | B23: 78600 | C23: 88750 | D23: 89002 | E23: 86850 | F23: 96400 | G23: 106830 | H23: 127260 | I23: 137690 | J23: 167273 | K23: 165240 | L23: 193207 | M23: 196174 | N23: =SUM(B23:M23) -> 1533276
A24: Budget | B24: 68595 | C24: 78595 | D24: 78754 | E24: 86501 | F24: 77744 | G24: 99845 | H24: 115976 | I24: 126232 | J24: 162323 | K24: 155434 | L24: 192543 | M24: 194896 | N24: =SUM(B24:M24) -> 1437438
A26: Over / (Under Budget) | B26: =B23-B24 -> 10005 | C26: =C23-C24 -> 10155 | D26: =D23-D24 -> 10248 | E26: =E23-E24 -> 349 | F26: =F23-F24 -> 18656 | G26: =G23-G24 -> 6985 | H26: =H23-H24 -> 11284 | I26: =I23-I24 -> 11458 | ... N26: =N23-N24 -> 95838
A28: Total Sales | B28: =B3+B8+B13+B18+B23 -> 121250 | C28: =C3+C8+C13+C18+C23 -> 144490 | D28: =D3+D8+D13+D18+D23 -> 154432 | E28: =E3+E8+E13+E18+E23 -> 156640 | F28: =F3+F8+F13+F18+F23 -> 177050 | G28: =G3+G8+G13+G18+G23 -> 190559 | H28: =H3+H8+H13+H18+H23 -> 216724 | I28: =I3+I8+I13+I18+I23 -> 235229 | ... M28: =M3+M8+M13+M18+M23 -> 318763 | N28: =SUM(B28:M28) -> 2556674
A29: Total Sales Budget | B29: =B4+B9+B14+B19+B24 -> 92770 | C29: =C4+C9+C14+C19+C24 -> 108307 | D29: =D4+D9+D14+D19+D24 -> 106770 | E29: =E4+E9+E14+E19+E24 -> 116172 | F29: =F4+F9+F14+F19+F24 -> 123095.5 | G29: =G4+G9+G14+G19+G24 -> 145455 | H29: =H4+H9+H14+H19+H24 -> 168276.5 | I29: =I4+I9+I14+I19+I24 -> 183146 | ... M29: =M4+M9+M14+M19+M24 -> 270908 | N29: =SUM(B29:M29) -> 2012697
A30: Total Over / (Under Budget) | B30: =B28-B29 -> 28480 | C30: =C28-C29 -> 36183 | D30: =D28-D29 -> 47662 | E30: =E28-E29 -> 40468 | F30: =F28-F29 -> 53954.5 | G30: =G28-G29 -> 45104 | H30: =H28-H29 -> 48447.5 | I30: =I28-I29 -> 52083 | ... N30: =N28-N29 -> 543977

Sheet Product1
H5: Product1
H8: Annual Sales vs. Budget Report
F13: Month | G13: Sales | H13: Budget | J13: Over/Under
F15: =Sales!B2 -> Jan | G15: =Sales!B3 -> 5600 | H15: =Sales!B4 -> 4790 | J15: =G15-H15 -> 810
F16: =Sales!C2 -> Feb | G16: =Sales!C3 -> 6350 | H16: =Sales!C4 -> 5678 | J16: =G16-H16 -> 672
F17: =Sales!D2 -> Mar | G17: =Sales!D3 -> 5100 | H17: =Sales!D4 -> 4754 | J17: =G17-H17 -> 346
F18: =Sales!E2 -> Apr | G18: =Sales!E3 -> 6850 | H18: =Sales!E4 -> 6501 | J18: =G18-H18 -> 349
F19: =Sales!F2 -> May | G19: =Sales!F3 -> 8600 | H19: =Sales!F4 -> 7744 | J19: =G19-H19 -> 856
F20: =Sales!G2 -> Jun | G20: =Sales!G3 -> 8850 | H20: =Sales!G4 -> 8645 | J20: =G20-H20 -> 205
F21: =Sales!H2 -> Jul | G21: =Sales!H3 -> 12100 | H21: =Sales!H4 -> 10976 | J21: =G21-H21 -> 1124
F22: =Sales!I2 -> Aug | G22: =Sales!I3 -> 13850 | H22: =Sales!I4 -> 11232 | J22: =G22-H22 -> 2618
F23: =Sales!J2 -> Sep | G23: =Sales!J3 -> 16600 | H23: =Sales!J4 -> 14323 | J23: =G23-H23 -> 2277
F24: =Sales!K2 -> Oct | G24: =Sales!K3 -> 19100 | H24: =Sales!K4 -> 15434 | J24: =G24-H24 -> 3666
F25: =Sales!L2 -> Nov | G25: =Sales!L3 -> 21600 | H25: =Sales!L4 -> 16543 | J25: =G25-H25 -> 5057
F26: =Sales!M2 -> Dec | G26: =Sales!M3 -> 24100 | H26: =Sales!M4 -> 17896 | J26: =G26-H26 -> 6204
F28: Total | G28: =SUM(G15:G26) -> 148700 | H28: =SUM(H15:H26) -> 124516 | J28: =G28-H28 -> 24184
H33: * Formulas will have the cross sheet reference

Sheet Product2
H4: Product 2
H7: Annual Sales vs. Budget Report
F12: Month | G12: Sales | H12: Budget | J12: Over/Under
F14: =Sales!B2 -> Jan | G14: =Sales!B8 -> 5600 | H14: =Sales!B9 -> 4595 | J14: =G14-H14 -> 1005
F15: =Sales!C2 -> Feb | G15: =Sales!C8 -> 6350 | H15: =Sales!C9 -> 5678 | J15: =G15-H15 -> 672
F16: =Sales!D2 -> Mar | G16: =Sales!D8 -> 16400 | H16: =Sales!D9 -> 9754 | J16: =G16-H16 -> 6646
F17: =Sales!E2 -> Apr | G17: =Sales!E8 -> 16830 | H17: =Sales!E9 -> 9168 | J17: =G17-H17 -> 7662
F18: =Sales!F2 -> May | G18: =Sales!F8 -> 19260 | H18: =Sales!F9 -> 18747.5 | J18: =G18-H18 -> 512.5
F19: =Sales!G2 -> Jun | G19: =Sales!G8 -> 17690 | H19: =Sales!G9 -> 14327 | J19: =G19-H19 -> 3363
F20: =Sales!H2 -> Jul | G20: =Sales!H8 -> 15600 | H20: =Sales!H9 -> 14906.5 | J20: =G20-H20 -> 693.5
F21: =Sales!I2 -> Aug | G21: =Sales!I8 -> 17350 | H21: =Sales!I9 -> 15486 | J21: =G21-H21 -> 1864
F22: =Sales!J2 -> Sep | G22: =Sales!J8 -> 10600 | H22: =Sales!J9 -> 9065.5 | J22: =G22-H22 -> 1534.5
F23: =Sales!K2 -> Oct | G23: =Sales!K8 -> 11350 | H23: =Sales!K9 -> 10645 | J23: =G23-H23 -> 705
F24: =Sales!L2 -> Nov | G24: =Sales!L8 -> 10100 | H24: =Sales!L9 -> 8224.5 | J24: =G24-H24 -> 1875.5
F25: =Sales!M2 -> Dec | G25: =Sales!M8 -> 13850 | H25: =Sales!M9 -> 12804 | J25: =G25-H25 -> 1046
F27: Total | G27: =SUM(G14:G25) -> 160980 | H27: =SUM(H14:H25) -> 133401 | J27: =G27-H27 -> 27579
H32: * Formulas will have the cross sheet reference

Sheet Product3
H4: Product 3
H7: Annual Sales vs. Budget Report
F12: Month | G12: Sales | H12: Budget | J12: Over/Under
F14: =Sales!B2 -> Jan | G14: =Sales!B13 -> 14600 | H14: =Sales!B14 -> 5895 | J14: =G14-H14 -> 8705
F15: =Sales!C2 -> Feb | G15: =Sales!C13 -> 25350 | H15: =Sales!C14 -> 3678 | J15: =G15-H15 -> 21672
F16: =Sales!D2 -> Mar | G16: =Sales!D13 -> 25100 | H16: =Sales!D14 -> 5754 | J16: =G16-H16 -> 19346
F17: =Sales!E2 -> Apr | G17: =Sales!E13 -> 26850 | H17: =Sales!E14 -> 7501 | J17: =G17-H17 -> 19349
F18: =Sales!F2 -> May | G18: =Sales!F13 -> 32100 | H18: =Sales!F14 -> 9430 | J18: =G18-H18 -> 22670
F19: =Sales!G2 -> Jun | G19: =Sales!G13 -> 35750 | H19: =Sales!G14 -> 11319 | J19: =G19-H19 -> 24431
F20: =Sales!H2 -> Jul | G20: =Sales!H13 -> 39400 | H20: =Sales!H14 -> 13209 | J20: =G20-H20 -> 26191
F21: =Sales!I2 -> Aug | G21: =Sales!I13 -> 43050 | H21: =Sales!I14 -> 15098 | J21: =G21-H21 -> 27952
F22: =Sales!J2 -> Sep | G22: =Sales!J13 -> 46700 | H22: =Sales!J14 -> 16988 | J22: =G22-H22 -> 29712
F23: =Sales!K2 -> Oct | G23: =Sales!K13 -> 50350 | H23: =Sales!K14 -> 18877 | J23: =G23-H23 -> 31473
F24: =Sales!L2 -> Nov | G24: =Sales!L13 -> 54000 | H24: =Sales!L14 -> 20766 | J24: =G24-H24 -> 33234
F25: =Sales!M2 -> Dec | G25: =Sales!M13 -> 57650 | H25: =Sales!M14 -> 22656 | J25: =G25-H25 -> 34994
F27: Total | G27: =SUM(G14:G25) -> 450900 | H27: =SUM(H14:H25) -> 151171 | J27: =G27-H27 -> 299729
H32: * Formulas will have the cross sheet reference

Sheet Product4
H5: Product 4
H8: Annual Sales vs. Budget Report
F13: Month | G13: Sales | H13: Budget | J13: Over/Under
F15: =Sales!B2 -> Jan | G15: =Sales!B18 -> 16850 | H15: =Sales!B19 -> 8895 | J15: =G15-H15 -> 7955
F16: =Sales!C2 -> Feb | G16: =Sales!C18 -> 17690 | H16: =Sales!C19 -> 14678 | J16: =G16-H16 -> 3012
F17: =Sales!D2 -> Mar | G17: =Sales!D18 -> 18830 | H17: =Sales!D19 -> 7754 | J17: =G17-H17 -> 11076
F18: =Sales!E2 -> Apr | G18: =Sales!E18 -> 19260 | H18: =Sales!E19 -> 6501 | J18: =G18-H18 -> 12759
F19: =Sales!F2 -> May | G19: =Sales!F18 -> 20690 | H19: =Sales!F19 -> 9430 | J19: =G19-H19 -> 11260
F20: =Sales!G2 -> Jun | G20: =Sales!G18 -> 21439 | H20: =Sales!G19 -> 11319 | J20: =G20-H20 -> 10120
F21: =Sales!H2 -> Jul | G21: =Sales!H18 -> 22364 | H21: =Sales!H19 -> 13209 | J21: =G21-H21 -> 9155
F22: =Sales!I2 -> Aug | G22: =Sales!I18 -> 23289 | H22: =Sales!I19 -> 15098 | J22: =G22-H22 -> 8191
F23: =Sales!J2 -> Sep | G23: =Sales!J18 -> 24214 | H23: =Sales!J19 -> 16988 | J23: =G23-H23 -> 7226
F24: =Sales!K2 -> Oct | G24: =Sales!K18 -> 25139 | H24: =Sales!K19 -> 18877 | J24: =G24-H24 -> 6262
F25: =Sales!L2 -> Nov | G25: =Sales!L18 -> 26064 | H25: =Sales!L19 -> 20766 | J25: =G25-H25 -> 5298
F26: =Sales!M2 -> Dec | G26: =Sales!M18 -> 26989 | H26: =Sales!M19 -> 22656 | J26: =G26-H26 -> 4333
F28: Total | G28: =SUM(G15:G26) -> 262818 | H28: =SUM(H15:H26) -> 166171 | J28: =G28-H28 -> 96647
H33: * Formulas will have the cross sheet reference

Sheet Product5
H5: Product 5
H8: Annual Sales vs. Budget Report
F13: Month | G13: Sales | H13: Budget | J13: Over/Under
F15: =Sales!B2 -> Jan | G15: =Sales!B23 -> 78600 | H15: =Sales!B24 -> 68595 | J15: =G15-H15 -> 10005
F16: =Sales!C2 -> Feb | G16: =Sales!C23 -> 88750 | H16: =Sales!C24 -> 78595 | J16: =G16-H16 -> 10155
F17: =Sales!D2 -> Mar | G17: =Sales!D23 -> 89002 | H17: =Sales!D24 -> 78754 | J17: =G17-H17 -> 10248
F18: =Sales!E2 -> Apr | G18: =Sales!E23 -> 86850 | H18: =Sales!E24 -> 86501 | J18: =G18-H18 -> 349
F19: =Sales!F2 -> May | G19: =Sales!F23 -> 96400 | H19: =Sales!F24 -> 77744 | J19: =G19-H19 -> 18656
F20: =Sales!G2 -> Jun | G20: =Sales!G23 -> 106830 | H20: =Sales!G24 -> 99845 | J20: =G20-H20 -> 6985
F21: =Sales!H2 -> Jul | G21: =Sales!H23 -> 127260 | H21: =Sales!H24 -> 115976 | J21: =G21-H21 -> 11284
F22: =Sales!I2 -> Aug | G22: =Sales!I23 -> 137690 | H22: =Sales!I24 -> 126232 | J22: =G22-H22 -> 11458
F23: =Sales!J2 -> Sep | G23: =Sales!J23 -> 167273 | H23: =Sales!J24 -> 162323 | J23: =G23-H23 -> 4950
F24: =Sales!K2 -> Oct | G24: =Sales!K23 -> 165240 | H24: =Sales!K24 -> 155434 | J24: =G24-H24 -> 9806
F25: =Sales!L2 -> Nov | G25: =Sales!L23 -> 193207 | H25: =Sales!L24 -> 192543 | J25: =G25-H25 -> 664
F26: =Sales!M2 -> Dec | G26: =Sales!M23 -> 196174 | H26: =Sales!M24 -> 194896 | J26: =G26-H26 -> 1278
F28: Total | G28: =SUM(G15:G26) -> 1533276 | H28: =SUM(H15:H26) -> 1437438 | J28: =G28-H28 -> 95838
H33: * Formulas will have the cross sheet reference

Sheet Table Style
C1: Over / Under Budget
A2: Product1 | B2: Product2 | C2: Product3 | D2: Product4 | E2: Product5
A3: 810 | B3: 1005 | C3: 8705 | D3: 7955 | E3: 10005
A4: 672 | B4: 672 | C4: 21672 | D4: 3012 | E4: 10155
A5: 346 | B5: 6646 | C5: 19346 | D5: 11076 | E5: 10248
A6: 349 | B6: 7662 | C6: 19349 | D6: 12759 | E6: 349
A7: 856 | B7: 512.5 | C7: 22670 | D7: 11260 | E7: 18656
A8: 205 | B8: 3363 | C8: 24431 | D8: 10120 | E8: 6985
A9: 1124 | B9: 693.5 | C9: 26191 | D9: 9155 | E9: 11284
A10: 2618 | B10: 1864 | C10: 27952 | D10: 8191 | E10: 11458
A11: 2277 | B11: 1534.5 | C11: 29712 | D11: 7226 | E11: 4950
A12: 3666 | B12: 705 | C12: 31473 | D12: 6262 | E12: 9806
A13: 5057 | B13: 1875.5 | C13: 33234 | D13: 5298 | E13: 664
A14: 6204 | B14: 1046 | C14: 34994 | D14: 4333 | E14: 1278
